{
    "version": { "major": "1", "minor": "3" },
    "domains": [
    {
        "domain": "Schema",
        "description": "This domain is deprecated.",
        "deprecated": true,
        "types": [
            {
                "id": "Domain",
                "type": "object",
                "description": "Description of the protocol domain.",
                "properties": [
                    { "name": "name", "type": "string", "description": "Domain name." },
                    { "name": "version", "type": "string", "description": "Domain version." }
                ]
            }
        ],
        "commands": [
            {
                "name": "getDomains",
                "description": "Returns supported domains.",
                "handlers": ["browser", "renderer"],
                "returns": [
                    { "name": "domains", "type": "array", "items": { "$ref": "Domain" }, "description": "List of supported domains." }
                ]
            }
        ]
    },
    {
        "domain": "Runtime",
        "description": "Runtime domain exposes JavaScript runtime by means of remote evaluation and mirror objects. Evaluation results are returned as mirror object that expose object type, string representation and unique identifier that can be used for further object reference. Original objects are maintained in memory unless they are either explicitly released or are released along with the other objects in their object group.",
        "types": [
            {
                "id": "ScriptId",
                "type": "string",
                "description": "Unique script identifier."
            },
            {
                "id": "RemoteObjectId",
                "type": "string",
                "description": "Unique object identifier."
            },
            {
                "id": "UnserializableValue",
                "type": "string",
                "enum": ["Infinity", "NaN", "-Infinity", "-0"],
                "description": "Primitive value which cannot be JSON-stringified."
            },
            {
                "id": "RemoteObject",
                "type": "object",
                "description": "Mirror object referencing original JavaScript object.",
                "properties": [
                    { "name": "type", "type": "string", "enum": ["object", "function", "undefined", "string", "number", "boolean", "symbol"], "description": "Object type." },
                    { "name": "subtype", "type": "string", "optional": true, "enum": ["array", "null", "node", "regexp", "date", "map", "set", "weakmap", "weakset", "iterator", "generator", "error", "proxy", "promise", "typedarray"], "description": "Object subtype hint. Specified for <code>object</code> type values only." },
                    { "name": "className", "type": "string", "optional": true, "description": "Object class (constructor) name. Specified for <code>object</code> type values only." },
                    { "name": "value", "type": "any", "optional": true, "description": "Remote object value in case of primitive values or JSON values (if it was requested)." },
                    { "name": "unserializableValue", "$ref": "UnserializableValue", "optional": true, "description": "Primitive value which can not be JSON-stringified does not have <code>value</code>, but gets this property." },
                    { "name": "description", "type": "string", "optional": true, "description": "String representation of the object." },
                    { "name": "objectId", "$ref": "RemoteObjectId", "optional": true, "description": "Unique object identifier (for non-primitive values)." },
                    { "name": "preview", "$ref": "ObjectPreview", "optional": true, "description": "Preview containing abbreviated property values. Specified for <code>object</code> type values only.", "experimental": true },
                    { "name": "customPreview", "$ref": "CustomPreview", "optional": true, "experimental": true}
                ]
            },
            {
                "id": "CustomPreview",
                "type": "object",
                "experimental": true,
                "properties": [
                    { "name": "header", "type": "string"},
                    { "name": "hasBody", "type": "boolean"},
                    { "name": "formatterObjectId", "$ref": "RemoteObjectId"},
                    { "name": "bindRemoteObjectFunctionId", "$ref": "RemoteObjectId" },
                    { "name": "configObjectId", "$ref": "RemoteObjectId", "optional": true }
                ]
            },
            {
                "id": "ObjectPreview",
                "type": "object",
                "experimental": true,
                "description": "Object containing abbreviated remote object value.",
                "properties": [
                    { "name": "type", "type": "string", "enum": ["object", "function", "undefined", "string", "number", "boolean", "symbol"], "description": "Object type." },
                    { "name": "subtype", "type": "string", "optional": true, "enum": ["array", "null", "node", "regexp", "date", "map", "set", "weakmap", "weakset", "iterator", "generator", "error"], "description": "Object subtype hint. Specified for <code>object</code> type values only." },
                    { "name": "description", "type": "string", "optional": true, "description": "String representation of the object." },
                    { "name": "overflow", "type": "boolean", "description": "True iff some of the properties or entries of the original object did not fit." },
                    { "name": "properties", "type": "array", "items": { "$ref": "PropertyPreview" }, "description": "List of the properties." },
                    { "name": "entries", "type": "array", "items": { "$ref": "EntryPreview" }, "optional": true, "description": "List of the entries. Specified for <code>map</code> and <code>set</code> subtype values only." }
                ]
            },
            {
                "id": "PropertyPreview",
                "type": "object",
                "experimental": true,
                "properties": [
                    { "name": "name", "type": "string", "description": "Property name." },
                    { "name": "type", "type": "string", "enum": ["object", "function", "undefined", "string", "number", "boolean", "symbol", "accessor"], "description": "Object type. Accessor means that the property itself is an accessor property." },
                    { "name": "value", "type": "string", "optional": true, "description": "User-friendly property value string." },
                    { "name": "valuePreview", "$ref": "ObjectPreview", "optional": true, "description": "Nested value preview." },
                    { "name": "subtype", "type": "string", "optional": true, "enum": ["array", "null", "node", "regexp", "date", "map", "set", "weakmap", "weakset", "iterator", "generator", "error"], "description": "Object subtype hint. Specified for <code>object</code> type values only." }
                ]
            },
            {
                "id": "EntryPreview",
                "type": "object",
                "experimental": true,
                "properties": [
                    { "name": "key", "$ref": "ObjectPreview", "optional": true, "description": "Preview of the key. Specified for map-like collection entries." },
                    { "name": "value", "$ref": "ObjectPreview", "description": "Preview of the value." }
                ]
            },
            {
                "id": "PropertyDescriptor",
                "type": "object",
                "description": "Object property descriptor.",
                "properties": [
                    { "name": "name", "type": "string", "description": "Property name or symbol description." },
                    { "name": "value", "$ref": "RemoteObject", "optional": true, "description": "The value associated with the property." },
                    { "name": "writable", "type": "boolean", "optional": true, "description": "True if the value associated with the property may be changed (data descriptors only)." },
                    { "name": "get", "$ref": "RemoteObject", "optional": true, "description": "A function which serves as a getter for the property, or <code>undefined</code> if there is no getter (accessor descriptors only)." },
                    { "name": "set", "$ref": "RemoteObject", "optional": true, "description": "A function which serves as a setter for the property, or <code>undefined</code> if there is no setter (accessor descriptors only)." },
                    { "name": "configurable", "type": "boolean", "description": "True if the type of this property descriptor may be changed and if the property may be deleted from the corresponding object." },
                    { "name": "enumerable", "type": "boolean", "description": "True if this property shows up during enumeration of the properties on the corresponding object." },
                    { "name": "wasThrown", "type": "boolean", "optional": true, "description": "True if the result was thrown during the evaluation." },
                    { "name": "isOwn", "optional": true, "type": "boolean", "description": "True if the property is owned for the object." },
                    { "name": "symbol", "$ref": "RemoteObject", "optional": true, "description": "Property symbol object, if the property is of the <code>symbol</code> type." }
                ]
            },
            {
                "id": "InternalPropertyDescriptor",
                "type": "object",
                "description": "Object internal property descriptor. This property isn't normally visible in JavaScript code.",
                "properties": [
                    { "name": "name", "type": "string", "description": "Conventional property name." },
                    { "name": "value", "$ref": "RemoteObject", "optional": true, "description": "The value associated with the property." }
                ]
            },
            {
                "id": "CallArgument",
                "type": "object",
                "description": "Represents function call argument. Either remote object id <code>objectId</code>, primitive <code>value</code>, unserializable primitive value or neither of (for undefined) them should be specified.",
                "properties": [
                    { "name": "value", "type": "any", "optional": true, "description": "Primitive value or serializable javascript object." },
                    { "name": "unserializableValue", "$ref": "UnserializableValue", "optional": true, "description": "Primitive value which can not be JSON-stringified." },
                    { "name": "objectId", "$ref": "RemoteObjectId", "optional": true, "description": "Remote object handle." }
                ]
            },
            {
                "id": "ExecutionContextId",
                "type": "integer",
                "description": "Id of an execution context."
            },
            {
                "id": "ExecutionContextDescription",
                "type": "object",
                "description": "Description of an isolated world.",
                "properties": [
                    { "name": "id", "$ref": "ExecutionContextId", "description": "Unique id of the execution context. It can be used to specify in which execution context script evaluation should be performed." },
                    { "name": "origin", "type": "string", "description": "Execution context origin." },
                    { "name": "name", "type": "string", "description": "Human readable name describing given context." },
                    { "name": "auxData", "type": "object", "optional": true, "description": "Embedder-specific auxiliary data." }
                ]
            },
            {
                "id": "ExceptionDetails",
                "type": "object",
                "description": "Detailed information about exception (or error) that was thrown during script compilation or execution.",
                "properties": [
                    { "name": "exceptionId", "type": "integer", "description": "Exception id." },
                    { "name": "text", "type": "string", "description": "Exception text, which should be used together with exception object when available." },
                    { "name": "lineNumber", "type": "integer", "description": "Line number of the exception location (0-based)." },
                    { "name": "columnNumber", "type": "integer", "description": "Column number of the exception location (0-based)." },
                    { "name": "scriptId", "$ref": "ScriptId", "optional": true, "description": "Script ID of the exception location." },
                    { "name": "url", "type": "string", "optional": true, "description": "URL of the exception location, to be used when the script was not reported." },
                    { "name": "stackTrace", "$ref": "StackTrace", "optional": true, "description": "JavaScript stack trace if available." },
                    { "name": "exception", "$ref": "RemoteObject", "optional": true, "description": "Exception object if available." },
                    { "name": "executionContextId", "$ref": "ExecutionContextId", "optional": true, "description": "Identifier of the context where exception happened." }
                ]
            },
            {
                "id": "Timestamp",
                "type": "number",
                "description": "Number of milliseconds since epoch."
            },
            {
                "id": "CallFrame",
                "type": "object",
                "description": "Stack entry for runtime errors and assertions.",
                "properties": [
                    { "name": "functionName", "type": "string", "description": "JavaScript function name." },
                    { "name": "scriptId", "$ref": "ScriptId", "description": "JavaScript script id." },
                    { "name": "url", "type": "string", "description": "JavaScript script name or url." },
                    { "name": "lineNumber", "type": "integer", "description": "JavaScript script line number (0-based)." },
                    { "name": "columnNumber", "type": "integer", "description": "JavaScript script column number (0-based)." }
                ]
            },
            {
                "id": "StackTrace",
                "type": "object",
                "description": "Call frames for assertions or error messages.",
                "properties": [
                    { "name": "description", "type": "string", "optional": true, "description": "String label of this stack trace. For async traces this may be a name of the function that initiated the async call." },
                    { "name": "callFrames", "type": "array", "items": { "$ref": "CallFrame" }, "description": "JavaScript function name." },
                    { "name": "parent", "$ref": "StackTrace", "optional": true, "description": "Asynchronous JavaScript stack trace that preceded this stack, if available." },
                    { "name": "parentId", "$ref": "StackTraceId", "optional": true, "experimental": true, "description": "Asynchronous JavaScript stack trace that preceded this stack, if available." }
                ]
            },
            {
                "id": "UniqueDebuggerId",
                "type": "string",
                "description": "Unique identifier of current debugger.",
                "experimental": true
            },
            {
                "id": "StackTraceId",
                "type": "object",
                "description": "If <code>debuggerId</code> is set stack trace comes from another debugger and can be resolved there. This allows to track cross-debugger calls. See <code>Runtime.StackTrace</code> and <code>Debugger.paused</code> for usages.",
                "properties": [
                    { "name": "id", "type": "string" },
                    { "name": "debuggerId", "$ref": "UniqueDebuggerId", "optional": true }
                ],
                "experimental": true
            }
        ],
        "commands": [
            {
                "name": "evaluate",
                "parameters": [
                    { "name": "expression", "type": "string", "description": "Expression to evaluate." },
                    { "name": "objectGroup", "type": "string", "optional": true, "description": "Symbolic group name that can be used to release multiple objects." },
                    { "name": "includeCommandLineAPI", "type": "boolean", "optional": true, "description": "Determines whether Command Line API should be available during the evaluation." },
                    { "name": "silent", "type": "boolean", "optional": true, "description": "In silent mode exceptions thrown during evaluation are not reported and do not pause execution. Overrides <code>setPauseOnException</code> state." },
                    { "name": "contextId", "$ref": "ExecutionContextId", "optional": true, "description": "Specifies in which execution context to perform evaluation. If the parameter is omitted the evaluation will be performed in the context of the inspected page." },
                    { "name": "returnByValue", "type": "boolean", "optional": true, "description": "Whether the result is expected to be a JSON object that should be sent by value." },
                    { "name": "generatePreview", "type": "boolean", "optional": true, "experimental": true, "description": "Whether preview should be generated for the result." },
                    { "name": "userGesture", "type": "boolean", "optional": true, "description": "Whether execution should be treated as initiated by user in the UI." },
                    { "name": "awaitPromise", "type": "boolean", "optional":true, "description": "Whether execution should <code>await</code> for resulting value and return once awaited promise is resolved." }
                ],
                "returns": [
                    { "name": "result", "$ref": "RemoteObject", "description": "Evaluation result." },
                    { "name": "exceptionDetails", "$ref": "ExceptionDetails", "optional": true, "description": "Exception details."}
                ],
                "description": "Evaluates expression on global object."
            },
            {
                "name": "awaitPromise",
                "parameters": [
                    { "name": "promiseObjectId", "$ref": "RemoteObjectId", "description": "Identifier of the promise." },
                    { "name": "returnByValue", "type": "boolean", "optional": true, "description": "Whether the result is expected to be a JSON object that should be sent by value." },
                    { "name": "generatePreview", "type": "boolean", "optional": true, "description": "Whether preview should be generated for the result." }
                ],
                "returns": [
                    { "name": "result", "$ref": "RemoteObject", "description": "Promise result. Will contain rejected value if promise was rejected." },
                    { "name": "exceptionDetails", "$ref": "ExceptionDetails", "optional": true, "description": "Exception details if stack strace is available."}
                ],
                "description": "Add handler to promise with given promise object id."
            },
            {
                "name": "callFunctionOn",
                "parameters": [
                    { "name": "functionDeclaration", "type": "string", "description": "Declaration of the function to call." },
                    { "name": "objectId", "$ref": "RemoteObjectId", "optional": true, "description": "Identifier of the object to call function on. Either objectId or executionContextId should be specified." },
                    { "name": "arguments", "type": "array", "items": { "$ref": "CallArgument", "description": "Call argument." }, "optional": true, "description": "Call arguments. All call arguments must belong to the same JavaScript world as the target object." },
                    { "name": "silent", "type": "boolean", "optional": true, "description": "In silent mode exceptions thrown during evaluation are not reported and do not pause execution. Overrides <code>setPauseOnException</code> state." },
                    { "name": "returnByValue", "type": "boolean", "optional": true, "description": "Whether the result is expected to be a JSON object which should be sent by value." },
                    { "name": "generatePreview", "type": "boolean", "optional": true, "experimental": true, "description": "Whether preview should be generated for the result." },
                    { "name": "userGesture", "type": "boolean", "optional": true, "description": "Whether execution should be treated as initiated by user in the UI." },
                    { "name": "awaitPromise", "type": "boolean", "optional":true, "description": "Whether execution should <code>await</code> for resulting value and return once awaited promise is resolved." },
                    { "name": "executionContextId", "$ref": "ExecutionContextId", "optional": true, "description": "Specifies execution context which global object will be used to call function on. Either executionContextId or objectId should be specified." },
                    { "name": "objectGroup", "type": "string", "optional": true, "description": "Symbolic group name that can be used to release multiple objects. If objectGroup is not specified and objectId is, objectGroup will be inherited from object." }
                ],
                "returns": [
                    { "name": "result", "$ref": "RemoteObject", "description": "Call result." },
                    { "name": "exceptionDetails", "$ref": "ExceptionDetails", "optional": true, "description": "Exception details."}
                ],
                "description": "Calls function with given declaration on the given object. Object group of the result is inherited from the target object."
            },
            {
                "name": "getProperties",
                "parameters": [
                    { "name": "objectId", "$ref": "RemoteObjectId", "description": "Identifier of the object to return properties for." },
                    { "name": "ownProperties", "optional": true, "type": "boolean", "description": "If true, returns properties belonging only to the element itself, not to its prototype chain." },
                    { "name": "accessorPropertiesOnly", "optional": true, "type": "boolean", "description": "If true, returns accessor properties (with getter/setter) only; internal properties are not returned either.", "experimental": true },
                    { "name": "generatePreview", "type": "boolean", "optional": true, "experimental": true, "description": "Whether preview should be generated for the results." }
                ],
                "returns": [
                    { "name": "result", "type": "array", "items": { "$ref": "PropertyDescriptor" }, "description": "Object properties." },
                    { "name": "internalProperties", "optional": true, "type": "array", "items": { "$ref": "InternalPropertyDescriptor" }, "description": "Internal object properties (only of the element itself)." },
                    { "name": "exceptionDetails", "$ref": "ExceptionDetails", "optional": true, "description": "Exception details."}
                ],
                "description": "Returns properties of a given object. Object group of the result is inherited from the target object."
            },
            {
                "name": "releaseObject",
                "parameters": [
                    { "name": "objectId", "$ref": "RemoteObjectId", "description": "Identifier of the object to release." }
                ],
                "description": "Releases remote object with given id."
            },
            {
                "name": "releaseObjectGroup",
                "parameters": [
                    { "name": "objectGroup", "type": "string", "description": "Symbolic object group name." }
                ],
                "description": "Releases all remote objects that belong to a given group."
            },
            {
                "name": "runIfWaitingForDebugger",
                "description": "Tells inspected instance to run if it was waiting for debugger to attach."
            },
            {
                "name": "enable",
                "description": "Enables reporting of execution contexts creation by means of <code>executionContextCreated</code> event. When the reporting gets enabled the event will be sent immediately for each existing execution context."
            },
            {
                "name": "disable",
                "description": "Disables reporting of execution contexts creation."
            },
            {
                "name": "discardConsoleEntries",
                "description": "Discards collected exceptions and console API calls."
            },
            {
                "name": "setCustomObjectFormatterEnabled",
                "parameters": [
                    {
                        "name": "enabled",
                        "type": "boolean"
                    }
                ],
                "experimental": true
            },
            {
                "name": "compileScript",
                "parameters": [
                    { "name": "expression", "type": "string", "description": "Expression to compile." },
                    { "name": "sourceURL", "type": "string", "description": "Source url to be set for the script." },
                    { "name": "persistScript", "type": "boolean", "description": "Specifies whether the compiled script should be persisted." },
                    { "name": "executionContextId", "$ref": "ExecutionContextId", "optional": true, "description": "Specifies in which execution context to perform script run. If the parameter is omitted the evaluation will be performed in the context of the inspected page." }
                ],
                "returns": [
                    { "name": "scriptId", "$ref": "ScriptId", "optional": true, "description": "Id of the script." },
                    { "name": "exceptionDetails", "$ref": "ExceptionDetails", "optional": true, "description": "Exception details."}
                ],
                "description": "Compiles expression."
            },
            {
                "name": "runScript",
                "parameters": [
                    { "name": "scriptId", "$ref": "ScriptId", "description": "Id of the script to run." },
                    { "name": "executionContextId", "$ref": "ExecutionContextId", "optional": true, "description": "Specifies in which execution context to perform script run. If the parameter is omitted the evaluation will be performed in the context of the inspected page." },
                    { "name": "objectGroup", "type": "string", "optional": true, "description": "Symbolic group name that can be used to release multiple objects." },
                    { "name": "silent", "type": "boolean", "optional": true, "description": "In silent mode exceptions thrown during evaluation are not reported and do not pause execution. Overrides <code>setPauseOnException</code> state." },
                    { "name": "includeCommandLineAPI", "type": "boolean", "optional": true, "description": "Determines whether Command Line API should be available during the evaluation." },
                    { "name": "returnByValue", "type": "boolean", "optional": true, "description": "Whether the result is expected to be a JSON object which should be sent by value." },
                    { "name": "generatePreview", "type": "boolean", "optional": true, "description": "Whether preview should be generated for the result." },
                    { "name": "awaitPromise", "type": "boolean", "optional": true, "description": "Whether execution should <code>await</code> for resulting value and return once awaited promise is resolved." }
                ],
                "returns": [
                    { "name": "result", "$ref": "RemoteObject", "description": "Run result." },
                    { "name": "exceptionDetails", "$ref": "ExceptionDetails", "optional": true, "description": "Exception details."}
                ],
                "description": "Runs script with given id in a given context."
            },
            {
                "name": "queryObjects",
                "parameters": [
                    { "name": "prototypeObjectId", "$ref": "RemoteObjectId", "description": "Identifier of the prototype to return objects for." }
                ],
                "returns": [
                    { "name": "objects", "$ref": "RemoteObject", "description": "Array with objects." }
                ]
            },
            {
                "name": "globalLexicalScopeNames",
                "parameters": [
                    { "name": "executionContextId", "$ref": "ExecutionContextId", "optional": true, "description": "Specifies in which execution context to lookup global scope variables." }
                ],
                "returns": [
                    { "name": "names", "type": "array", "items": { "type": "string" } }
                ],
                "description": "Returns all let, const and class variables from global scope."
            }
        ],
        "events": [
            {
                "name": "executionContextCreated",
                "parameters": [
                    { "name": "context", "$ref": "ExecutionContextDescription", "description": "A newly created execution context." }
                ],
                "description": "Issued when new execution context is created."
            },
            {
                "name": "executionContextDestroyed",
                "parameters": [
                    { "name": "executionContextId", "$ref": "ExecutionContextId", "description": "Id of the destroyed context" }
                ],
                "description": "Issued when execution context is destroyed."
            },
            {
                "name": "executionContextsCleared",
                "description": "Issued when all executionContexts were cleared in browser"
            },
            {
                "name": "exceptionThrown",
                "description": "Issued when exception was thrown and unhandled.",
                "parameters": [
                    { "name": "timestamp", "$ref": "Timestamp", "description": "Timestamp of the exception." },
                    { "name": "exceptionDetails", "$ref": "ExceptionDetails" }
                ]
            },
            {
                "name": "exceptionRevoked",
                "description": "Issued when unhandled exception was revoked.",
                "parameters": [
                    { "name": "reason", "type": "string", "description": "Reason describing why exception was revoked." },
                    { "name": "exceptionId", "type": "integer", "description": "The id of revoked exception, as reported in <code>exceptionThrown</code>." }
                ]
            },
            {
                "name": "consoleAPICalled",
                "description": "Issued when console API was called.",
                "parameters": [
                    { "name": "type", "type": "string", "enum": ["log", "debug", "info", "error", "warning", "dir", "dirxml", "table", "trace", "clear", "startGroup", "startGroupCollapsed", "endGroup", "assert", "profile", "profileEnd", "count", "timeEnd"], "description": "Type of the call." },
                    { "name": "args", "type": "array", "items": { "$ref": "RemoteObject" }, "description": "Call arguments." },
                    { "name": "executionContextId", "$ref": "ExecutionContextId", "description": "Identifier of the context where the call was made." },
                    { "name": "timestamp", "$ref": "Timestamp", "description": "Call timestamp." },
                    { "name": "stackTrace", "$ref": "StackTrace", "optional": true, "description": "Stack trace captured when the call was made." },
                    { "name": "context", "type": "string", "optional": true, "experimental": true, "description": "Console context descriptor for calls on non-default console context (not console.*): 'anonymous#unique-logger-id' for call on unnamed context, 'name#unique-logger-id' for call on named context." }
                ]
            },
            {
                "name": "inspectRequested",
                "description": "Issued when object should be inspected (for example, as a result of inspect() command line API call).",
                "parameters": [
                    { "name": "object", "$ref": "RemoteObject" },
                    { "name": "hints", "type": "object" }
                ]
            }
        ]
    },
    {
        "domain": "Debugger",
        "description": "Debugger domain exposes JavaScript debugging capabilities. It allows setting and removing breakpoints, stepping through execution, exploring stack traces, etc.",
        "dependencies": ["Runtime"],
        "types": [
            {
                "id": "BreakpointId",
                "type": "string",
                "description": "Breakpoint identifier."
            },
            {
                "id": "CallFrameId",
                "type": "string",
                "description": "Call frame identifier."
            },
            {
                "id": "Location",
                "type": "object",
                "properties": [
                    { "name": "scriptId", "$ref": "Runtime.ScriptId", "description": "Script identifier as reported in the <code>Debugger.scriptParsed</code>." },
                    { "name": "lineNumber", "type": "integer", "description": "Line number in the script (0-based)." },
                    { "name": "columnNumber", "type": "integer", "optional": true, "description": "Column number in the script (0-based)." }
                ],
                "description": "Location in the source code."
            },
            {
                "id": "ScriptPosition",
                "experimental": true,
                "type": "object",
                "properties": [
                    { "name": "lineNumber", "type": "integer" },
                    { "name": "columnNumber", "type": "integer" }
                ],
                "description": "Location in the source code."
            },
            {
                "id": "CallFrame",
                "type": "object",
                "properties": [
                    { "name": "callFrameId", "$ref": "CallFrameId", "description": "Call frame identifier. This identifier is only valid while the virtual machine is paused." },
                    { "name": "functionName", "type": "string", "description": "Name of the JavaScript function called on this call frame." },
                    { "name": "functionLocation", "$ref": "Location", "optional": true, "description": "Location in the source code." },
                    { "name": "location", "$ref": "Location", "description": "Location in the source code." },
                    { "name": "url", "type": "string", "description": "JavaScript script name or url." },
                    { "name": "scopeChain", "type": "array", "items": { "$ref": "Scope" }, "description": "Scope chain for this call frame." },
                    { "name": "this", "$ref": "Runtime.RemoteObject", "description": "<code>this</code> object for this call frame." },
                    { "name": "returnValue", "$ref": "Runtime.RemoteObject", "optional": true, "description": "The value being returned, if the function is at return point." }
                ],
                "description": "JavaScript call frame. Array of call frames form the call stack."
            },
            {
                "id": "Scope",
                "type": "object",
                "properties": [
                    { "name": "type", "type": "string", "enum": ["global", "local", "with", "closure", "catch", "block", "script", "eval", "module"], "description": "Scope type." },
                    { "name": "object", "$ref": "Runtime.RemoteObject", "description": "Object representing the scope. For <code>global</code> and <code>with</code> scopes it represents the actual object; for the rest of the scopes, it is artificial transient object enumerating scope variables as its properties." },
                    { "name": "name", "type": "string", "optional": true },
                    { "name": "startLocation", "$ref": "Location", "optional": true, "description": "Location in the source code where scope starts" },
                    { "name": "endLocation", "$ref": "Location", "optional": true, "description": "Location in the source code where scope ends" }
                ],
                "description": "Scope description."
            },
            {
                "id": "SearchMatch",
                "type": "object",
                "description": "Search match for resource.",
                "properties": [
                    { "name": "lineNumber", "type": "number", "description": "Line number in resource content." },
                    { "name": "lineContent", "type": "string", "description": "Line with match content." }
                ]
            },
            {
                "id": "BreakLocation",
                "type": "object",
                "properties": [
                    { "name": "scriptId", "$ref": "Runtime.ScriptId", "description": "Script identifier as reported in the <code>Debugger.scriptParsed</code>." },
                    { "name": "lineNumber", "type": "integer", "description": "Line number in the script (0-based)." },
                    { "name": "columnNumber", "type": "integer", "optional": true, "description": "Column number in the script (0-based)." },
                    { "name": "type", "type": "string", "enum": [ "debuggerStatement", "call", "return" ], "optional": true }
                ]
            }
        ],
        "commands": [
            {
                "name": "enable",
                "returns": [
                    { "name": "debuggerId", "$ref": "Runtime.UniqueDebuggerId", "experimental": true, "description": "Unique identifier of the debugger." }
                ],
                "description": "Enables debugger for the given page. Clients should not assume that the debugging has been enabled until the result for this command is received."
            },
            {
                "name": "disable",
                "description": "Disables debugger for given page."
            },
            {
                "name": "setBreakpointsActive",
                "parameters": [
                    { "name": "active", "type": "boolean", "description": "New value for breakpoints active state." }
                ],
                "description": "Activates / deactivates all breakpoints on the page."
            },
            {
                "name": "setSkipAllPauses",
                "parameters": [
                    { "name": "skip", "type": "boolean", "description": "New value for skip pauses state." }
                ],
                "description": "Makes page not interrupt on any pauses (breakpoint, exception, dom exception etc)."
            },
            {
                "name": "setBreakpointByUrl",
                "parameters": [
                    { "name": "lineNumber", "type": "integer", "description": "Line number to set breakpoint at." },
                    { "name": "url", "type": "string", "optional": true, "description": "URL of the resources to set breakpoint on." },
                    { "name": "urlRegex", "type": "string", "optional": true, "description": "Regex pattern for the URLs of the resources to set breakpoints on. Either <code>url</code> or <code>urlRegex</code> must be specified." },
                    { "name": "scriptHash", "type": "string", "optional": true, "description": "Script hash of the resources to set breakpoint on." },
                    { "name": "columnNumber", "type": "integer", "optional": true, "description": "Offset in the line to set breakpoint at." },
                    { "name": "condition", "type": "string", "optional": true, "description": "Expression to use as a breakpoint condition. When specified, debugger will only stop on the breakpoint if this expression evaluates to true." }
                ],
                "returns": [
                    { "name": "breakpointId", "$ref": "BreakpointId", "description": "Id of the created breakpoint for further reference." },
                    { "name": "locations", "type": "array", "items": { "$ref": "Location" }, "description": "List of the locations this breakpoint resolved into upon addition." }
                ],
                "description": "Sets JavaScript breakpoint at given location specified either by URL or URL regex. Once this command is issued, all existing parsed scripts will have breakpoints resolved and returned in <code>locations</code> property. Further matching script parsing will result in subsequent <code>breakpointResolved</code> events issued. This logical breakpoint will survive page reloads."
            },
            {
                "name": "setBreakpoint",
                "parameters": [
                    { "name": "location", "$ref": "Location", "description": "Location to set breakpoint in." },
                    { "name": "condition", "type": "string", "optional": true, "description": "Expression to use as a breakpoint condition. When specified, debugger will only stop on the breakpoint if this expression evaluates to true." }
                ],
                "returns": [
                    { "name": "breakpointId", "$ref": "BreakpointId", "description": "Id of the created breakpoint for further reference." },
                    { "name": "actualLocation", "$ref": "Location", "description": "Location this breakpoint resolved into." }
                ],
                "description": "Sets JavaScript breakpoint at a given location."
            },
            {
                "name": "removeBreakpoint",
                "parameters": [
                    { "name": "breakpointId", "$ref": "BreakpointId" }
                ],
                "description": "Removes JavaScript breakpoint."
            },
            {
                "name": "getPossibleBreakpoints",
                "parameters": [
                    { "name": "start", "$ref": "Location", "description": "Start of range to search possible breakpoint locations in." },
                    { "name": "end", "$ref": "Location", "optional": true, "description": "End of range to search possible breakpoint locations in (excluding). When not specified, end of scripts is used as end of range." },
                    { "name": "restrictToFunction", "type": "boolean", "optional": true, "description": "Only consider locations which are in the same (non-nested) function as start." }
                ],
                "returns": [
                    { "name": "locations", "type": "array", "items": { "$ref": "BreakLocation" }, "description": "List of the possible breakpoint locations." }
                ],
                "description": "Returns possible locations for breakpoint. scriptId in start and end range locations should be the same."
            },
            {
                "name": "continueToLocation",
                "parameters": [
                    { "name": "location", "$ref": "Location", "description": "Location to continue to." },
                    { "name": "targetCallFrames", "type": "string", "enum": ["any", "current"], "optional": true }
                ],
                "description": "Continues execution until specific location is reached."
            },
            {
                "name": "pauseOnAsyncCall",
                "parameters": [
                    { "name": "parentStackTraceId", "$ref": "Runtime.StackTraceId", "description": "Debugger will pause when async call with given stack trace is started." }
                ],
                "experimental": true
            },
            {
                "name": "stepOver",
                "description": "Steps over the statement."
            },
            {
                "name": "stepInto",
                "parameters": [
                    { "name": "breakOnAsyncCall", "type": "boolean", "optional": true, "experimental": true, "description": "Debugger will issue additional Debugger.paused notification if any async task is scheduled before next pause." }
                ],
                "description": "Steps into the function call."
            },
            {
                "name": "stepOut",
                "description": "Steps out of the function call."
            },
            {
                "name": "pause",
                "description": "Stops on the next JavaScript statement."
            },
            {
                "name": "scheduleStepIntoAsync",
                "description": "This method is deprecated - use Debugger.stepInto with breakOnAsyncCall and Debugger.pauseOnAsyncTask instead. Steps into next scheduled async task if any is scheduled before next pause. Returns success when async task is actually scheduled, returns error if no task were scheduled or another scheduleStepIntoAsync was called.",
                "experimental": true
            },
            {
                "name": "resume",
                "description": "Resumes JavaScript execution."
            },
            {
                "name": "getStackTrace",
                "parameters": [
                    { "name": "stackTraceId", "$ref": "Runtime.StackTraceId" }
                ],
                "returns": [
                    { "name": "stackTrace", "$ref": "Runtime.StackTrace" }
                ],
                "description": "Returns stack trace with given <code>stackTraceId</code>.",
                "experimental": true
            },
            {
                "name": "searchInContent",
                "parameters": [
                    { "name": "scriptId", "$ref": "Runtime.ScriptId", "description": "Id of the script to search in." },
                    { "name": "query", "type": "string", "description": "String to search for."  },
                    { "name": "caseSensitive", "type": "boolean", "optional": true, "description": "If true, search is case sensitive." },
                    { "name": "isRegex", "type": "boolean", "optional": true, "description": "If true, treats string parameter as regex." }
                ],
                "returns": [
                    { "name": "result", "type": "array", "items": { "$ref": "SearchMatch" }, "description": "List of search matches." }
                ],
                "description": "Searches for given string in script content."
            },
            {
                "name": "setScriptSource",
                "parameters": [
                    { "name": "scriptId", "$ref": "Runtime.ScriptId", "description": "Id of the script to edit." },
                    { "name": "scriptSource", "type": "string", "description": "New content of the script." },
                    { "name": "dryRun", "type": "boolean", "optional": true, "description": " If true the change will not actually be applied. Dry run may be used to get result description without actually modifying the code." }
                ],
                "returns": [
                    { "name": "callFrames", "type": "array", "optional": true, "items": { "$ref": "CallFrame" }, "description": "New stack trace in case editing has happened while VM was stopped." },
                    { "name": "stackChanged", "type": "boolean", "optional": true, "description": "Whether current call stack  was modified after applying the changes." },
                    { "name": "asyncStackTrace", "$ref": "Runtime.StackTrace", "optional": true, "description": "Async stack trace, if any." },
                    { "name": "asyncStackTraceId", "$ref": "Runtime.StackTraceId", "optional": true, "experimental": true, "description": "Async stack trace, if any." },
                    { "name": "exceptionDetails", "optional": true, "$ref": "Runtime.ExceptionDetails", "description": "Exception details if any." }
                ],
                "description": "Edits JavaScript source live."
            },
            {
                "name": "restartFrame",
                "parameters": [
                    { "name": "callFrameId", "$ref": "CallFrameId", "description": "Call frame identifier to evaluate on." }
                ],
                "returns": [
                    { "name": "callFrames", "type": "array", "items": { "$ref": "CallFrame" }, "description": "New stack trace." },
                    { "name": "asyncStackTrace", "$ref": "Runtime.StackTrace", "optional": true, "description": "Async stack trace, if any." },
                    { "name": "asyncStackTraceId", "$ref": "Runtime.StackTraceId", "optional": true, "experimental": true, "description": "Async stack trace, if any." }
                ],
                "description": "Restarts particular call frame from the beginning."
            },
            {
                "name": "getScriptSource",
                "parameters": [
                    { "name": "scriptId", "$ref": "Runtime.ScriptId", "description": "Id of the script to get source for." }
                ],
                "returns": [
                    { "name": "scriptSource", "type": "string", "description": "Script source." }
                ],
                "description": "Returns source for the script with given id."
            },
            {
                "name": "setPauseOnExceptions",
                "parameters": [
                    { "name": "state", "type": "string", "enum": ["none", "uncaught", "all"], "description": "Pause on exceptions mode." }
                ],
                "description": "Defines pause on exceptions state. Can be set to stop on all exceptions, uncaught exceptions or no exceptions. Initial pause on exceptions state is <code>none</code>."
            },
            {
                "name": "evaluateOnCallFrame",
                "parameters": [
                    { "name": "callFrameId", "$ref": "CallFrameId", "description": "Call frame identifier to evaluate on." },
                    { "name": "expression", "type": "string", "description": "Expression to evaluate." },
                    { "name": "objectGroup", "type": "string", "optional": true, "description": "String object group name to put result into (allows rapid releasing resulting object handles using <code>releaseObjectGroup</code>)." },
                    { "name": "includeCommandLineAPI", "type": "boolean", "optional": true, "description": "Specifies whether command line API should be available to the evaluated expression, defaults to false." },
                    { "name": "silent", "type": "boolean", "optional": true, "description": "In silent mode exceptions thrown during evaluation are not reported and do not pause execution. Overrides <code>setPauseOnException</code> state." },
                    { "name": "returnByValue", "type": "boolean", "optional": true, "description": "Whether the result is expected to be a JSON object that should be sent by value." },
                    { "name": "generatePreview", "type": "boolean", "optional": true, "experimental": true, "description": "Whether preview should be generated for the result." },
                    { "name": "throwOnSideEffect", "type": "boolean", "optional": true, "description": "Whether to throw an exception if side effect cannot be ruled out during evaluation." }
                ],
                "returns": [
                    { "name": "result", "$ref": "Runtime.RemoteObject", "description": "Object wrapper for the evaluation result." },
                    { "name": "exceptionDetails", "$ref": "Runtime.ExceptionDetails", "optional": true, "description": "Exception details."}
                ],
                "description": "Evaluates expression on a given call frame."
            },
            {
                "name": "setVariableValue",
                "parameters": [
                    { "name": "scopeNumber", "type": "integer", "description": "0-based number of scope as was listed in scope chain. Only 'local', 'closure' and 'catch' scope types are allowed. Other scopes could be manipulated manually." },
                    { "name": "variableName", "type": "string", "description": "Variable name." },
                    { "name": "newValue", "$ref": "Runtime.CallArgument", "description": "New variable value." },
                    { "name": "callFrameId", "$ref": "CallFrameId", "description": "Id of callframe that holds variable." }
                ],
                "description": "Changes value of variable in a callframe. Object-based scopes are not supported and must be mutated manually."
            },
            {
                "name": "setReturnValue",
                "parameters": [
                    { "name": "newValue", "$ref": "Runtime.CallArgument", "description": "New return value." }
                ],
                "experimental": true,
                "description": "Changes return value in top frame. Available only at return break position."
            },
            {
                "name": "setAsyncCallStackDepth",
                "parameters": [
                    { "name": "maxDepth", "type": "integer", "description": "Maximum depth of async call stacks. Setting to <code>0</code> will effectively disable collecting async call stacks (default)." }
                ],
                "description": "Enables or disables async call stacks tracking."
            },
            {
                "name": "setBlackboxPatterns",
                "parameters": [
                    { "name": "patterns", "type": "array", "items": { "type": "string" }, "description": "Array of regexps that will be used to check script url for blackbox state." }
                ],
                "experimental": true,
                "description": "Replace previous blackbox patterns with passed ones. Forces backend to skip stepping/pausing in scripts with url matching one of the patterns. VM will try to leave blackboxed script by performing 'step in' several times, finally resorting to 'step out' if unsuccessful."
            },
            {
                "name": "setBlackboxedRanges",
                "parameters": [
                    { "name": "scriptId", "$ref": "Runtime.ScriptId", "description": "Id of the script." },
                    { "name": "positions", "type": "array", "items": { "$ref": "ScriptPosition" } }
                ],
                "experimental": true,
                "description": "Makes backend skip steps in the script in blackboxed ranges. VM will try leave blacklisted scripts by performing 'step in' several times, finally resorting to 'step out' if unsuccessful. Positions array contains positions where blackbox state is changed. First interval isn't blackboxed. Array should be sorted."
            }
        ],
        "events": [
            {
                "name": "scriptParsed",
                "parameters": [
                    { "name": "scriptId", "$ref": "Runtime.ScriptId", "description": "Identifier of the script parsed." },
                    { "name": "url", "type": "string", "description": "URL or name of the script parsed (if any)." },
                    { "name": "startLine", "type": "integer", "description": "Line offset of the script within the resource with given URL (for script tags)." },
                    { "name": "startColumn", "type": "integer", "description": "Column offset of the script within the resource with given URL." },
                    { "name": "endLine", "type": "integer", "description": "Last line of the script." },
                    { "name": "endColumn", "type": "integer", "description": "Length of the last line of the script." },
                    { "name": "executionContextId", "$ref": "Runtime.ExecutionContextId", "description": "Specifies script creation context." },
                    { "name": "hash", "type": "string", "description": "Content hash of the script."},
                    { "name": "executionContextAuxData", "type": "object", "optional": true, "description": "Embedder-specific auxiliary data." },
                    { "name": "isLiveEdit", "type": "boolean", "optional": true, "description": "True, if this script is generated as a result of the live edit operation.", "experimental": true },
                    { "name": "sourceMapURL", "type": "string", "optional": true, "description": "URL of source map associated with script (if any)." },
                    { "name": "hasSourceURL", "type": "boolean", "optional": true, "description": "True, if this script has sourceURL." },
                    { "name": "isModule", "type": "boolean", "optional": true, "description": "True, if this script is ES6 module." },
                    { "name": "length", "type": "integer", "optional": true, "description": "This script length." },
                    { "name": "stackTrace", "$ref": "Runtime.StackTrace", "optional": true, "description": "JavaScript top stack frame of where the script parsed event was triggered if available.", "experimental": true }
                ],
                "description": "Fired when virtual machine parses script. This event is also fired for all known and uncollected scripts upon enabling debugger."
            },
            {
                "name": "scriptFailedToParse",
                "parameters": [
                    { "name": "scriptId", "$ref": "Runtime.ScriptId", "description": "Identifier of the script parsed." },
                    { "name": "url", "type": "string", "description": "URL or name of the script parsed (if any)." },
                    { "name": "startLine", "type": "integer", "description": "Line offset of the script within the resource with given URL (for script tags)." },
                    { "name": "startColumn", "type": "integer", "description": "Column offset of the script within the resource with given URL." },
                    { "name": "endLine", "type": "integer", "description": "Last line of the script." },
                    { "name": "endColumn", "type": "integer", "description": "Length of the last line of the script." },
                    { "name": "executionContextId", "$ref": "Runtime.ExecutionContextId", "description": "Specifies script creation context." },
                    { "name": "hash", "type": "string", "description": "Content hash of the script."},
                    { "name": "executionContextAuxData", "type": "object", "optional": true, "description": "Embedder-specific auxiliary data." },
                    { "name": "sourceMapURL", "type": "string", "optional": true, "description": "URL of source map associated with script (if any)." },
                    { "name": "hasSourceURL", "type": "boolean", "optional": true, "description": "True, if this script has sourceURL." },
                    { "name": "isModule", "type": "boolean", "optional": true, "description": "True, if this script is ES6 module." },
                    { "name": "length", "type": "integer", "optional": true, "description": "This script length." },
                    { "name": "stackTrace", "$ref": "Runtime.StackTrace", "optional": true, "description": "JavaScript top stack frame of where the script parsed event was triggered if available.", "experimental": true }
                ],
                "description": "Fired when virtual machine fails to parse the script."
            },
            {
                "name": "breakpointResolved",
                "parameters": [
                    { "name": "breakpointId", "$ref": "BreakpointId", "description": "Breakpoint unique identifier." },
                    { "name": "location", "$ref": "Location", "description": "Actual breakpoint location." }
                ],
                "description": "Fired when breakpoint is resolved to an actual script and location."
            },
            {
                "name": "paused",
                "parameters": [
                    { "name": "callFrames", "type": "array", "items": { "$ref": "CallFrame" }, "description": "Call stack the virtual machine stopped on." },
                    { "name": "reason", "type": "string", "enum": [ "XHR", "DOM", "EventListener", "exception", "assert", "debugCommand", "promiseRejection", "OOM", "other", "ambiguous" ], "description": "Pause reason." },
                    { "name": "data", "type": "object", "optional": true, "description": "Object containing break-specific auxiliary properties." },
                    { "name": "hitBreakpoints", "type": "array", "optional": true, "items": { "type": "string" }, "description": "Hit breakpoints IDs" },
                    { "name": "asyncStackTrace", "$ref": "Runtime.StackTrace", "optional": true, "description": "Async stack trace, if any." },
                    { "name": "asyncStackTraceId", "$ref": "Runtime.StackTraceId", "optional": true, "experimental": true, "description": "Async stack trace, if any." },
                    { "name": "asyncCallStackTraceId", "$ref": "Runtime.StackTraceId", "optional": true, "experimental": true, "description": "Just scheduled async call will have this stack trace as parent stack during async execution. This field is available only after <code>Debugger.stepInto</code> call with <code>breakOnAsynCall</code> flag." }
                ],
                "description": "Fired when the virtual machine stopped on breakpoint or exception or any other stop criteria."
            },
            {
                "name": "resumed",
                "description": "Fired when the virtual machine resumed execution."
            }
        ]
    },
    {
        "domain": "Console",
        "description": "This domain is deprecated - use Runtime or Log instead.",
        "dependencies": ["Runtime"],
        "deprecated": true,
        "types": [
            {
                "id": "ConsoleMessage",
                "type": "object",
                "description": "Console message.",
                "properties": [
                    { "name": "source", "type": "string", "enum": ["xml", "javascript", "network", "console-api", "storage", "appcache", "rendering", "security", "other", "deprecation", "worker"], "description": "Message source." },
                    { "name": "level", "type": "string", "enum": ["log", "warning", "error", "debug", "info"], "description": "Message severity." },
                    { "name": "text", "type": "string", "description": "Message text." },
                    { "name": "url", "type": "string", "optional": true, "description": "URL of the message origin." },
                    { "name": "line", "type": "integer", "optional": true, "description": "Line number in the resource that generated this message (1-based)." },
                    { "name": "column", "type": "integer", "optional": true, "description": "Column number in the resource that generated this message (1-based)." }
                ]
            }
        ],
        "commands": [
            {
                "name": "enable",
                "description": "Enables console domain, sends the messages collected so far to the client by means of the <code>messageAdded</code> notification."
            },
            {
                "name": "disable",
                "description": "Disables console domain, prevents further console messages from being reported to the client."
            },
            {
                "name": "clearMessages",
                "description": "Does nothing."
            }
        ],
        "events": [
            {
                "name": "messageAdded",
                "parameters": [
                    { "name": "message", "$ref": "ConsoleMessage", "description": "Console message that has been added." }
                ],
                "description": "Issued when new console message is added."
            }
        ]
    },
    {
        "domain": "Profiler",
        "dependencies": ["Runtime", "Debugger"],
        "types": [
            {
                "id": "ProfileNode",
                "type": "object",
                "description": "Profile node. Holds callsite information, execution statistics and child nodes.",
                "properties": [
                    { "name": "id", "type": "integer", "description": "Unique id of the node." },
                    { "name": "callFrame", "$ref": "Runtime.CallFrame", "description": "Function location." },
                    { "name": "hitCount", "type": "integer", "optional": true, "description": "Number of samples where this node was on top of the call stack." },
                    { "name": "children", "type": "array", "items": { "type": "integer" }, "optional": true, "description": "Child node ids." },
                    { "name": "deoptReason", "type": "string", "optional": true, "description": "The reason of being not optimized. The function may be deoptimized or marked as don't optimize."},
                    { "name": "positionTicks", "type": "array", "items": { "$ref": "PositionTickInfo" }, "optional": true, "description": "An array of source position ticks." }
                ]
            },
            {
                "id": "Profile",
                "type": "object",
                "description": "Profile.",
                "properties": [
                    { "name": "nodes", "type": "array", "items": { "$ref": "ProfileNode" }, "description": "The list of profile nodes. First item is the root node." },
                    { "name": "startTime", "type": "number", "description": "Profiling start timestamp in microseconds." },
                    { "name": "endTime", "type": "number", "description": "Profiling end timestamp in microseconds." },
                    { "name": "samples", "optional": true, "type": "array", "items": { "type": "integer" }, "description": "Ids of samples top nodes." },
                    { "name": "timeDeltas", "optional": true, "type": "array", "items": { "type": "integer" }, "description": "Time intervals between adjacent samples in microseconds. The first delta is relative to the profile startTime." }
                ]
            },
            {
                "id": "PositionTickInfo",
                "type": "object",
                "description": "Specifies a number of samples attributed to a certain source position.",
                "properties": [
                    { "name": "line", "type": "integer", "description": "Source line number (1-based)." },
                    { "name": "ticks", "type": "integer", "description": "Number of samples attributed to the source line." }
                ]
            },
            {   "id": "CoverageRange",
                "type": "object",
                "description": "Coverage data for a source range.",
                "properties": [
                    { "name": "startOffset", "type": "integer", "description": "JavaScript script source offset for the range start." },
                    { "name": "endOffset", "type": "integer", "description": "JavaScript script source offset for the range end." },
                    { "name": "count", "type": "integer", "description": "Collected execution count of the source range." }
                ]
            },
            {   "id": "FunctionCoverage",
                "type": "object",
                "description": "Coverage data for a JavaScript function.",
                "properties": [
                    { "name": "functionName", "type": "string", "description": "JavaScript function name." },
                    { "name": "ranges", "type": "array", "items": { "$ref": "CoverageRange" }, "description": "Source ranges inside the function with coverage data." },
                    { "name": "isBlockCoverage", "type": "boolean", "description": "Whether coverage data for this function has block granularity." }
                ]
            },
            {
                "id": "ScriptCoverage",
                "type": "object",
                "description": "Coverage data for a JavaScript script.",
                "properties": [
                    { "name": "scriptId", "$ref": "Runtime.ScriptId", "description": "JavaScript script id." },
                    { "name": "url", "type": "string", "description": "JavaScript script name or url." },
                    { "name": "functions", "type": "array", "items": { "$ref": "FunctionCoverage" }, "description": "Functions contained in the script that has coverage data." }
                ]
            }
        ],
        "commands": [
            {
                "name": "enable"
            },
            {
                "name": "disable"
            },
            {
                "name": "setSamplingInterval",
                "parameters": [
                    { "name": "interval", "type": "integer", "description": "New sampling interval in microseconds." }
                ],
                "description": "Changes CPU profiler sampling interval. Must be called before CPU profiles recording started."
            },
            {
                "name": "start"
            },
            {
                "name": "stop",
                "returns": [
                    { "name": "profile", "$ref": "Profile", "description": "Recorded profile." }
                ]
            },
            {
                "name": "startPreciseCoverage",
                "parameters": [
                    { "name": "callCount", "type": "boolean", "optional": true, "description": "Collect accurate call counts beyond simple 'covered' or 'not covered'." },
                    { "name": "detailed", "type": "boolean", "optional": true, "description": "Collect block-based coverage." }
                ],
                "description": "Enable precise code coverage. Coverage data for JavaScript executed before enabling precise code coverage may be incomplete. Enabling prevents running optimized code and resets execution counters."
            },
            {
                "name": "stopPreciseCoverage",
                "description": "Disable precise code coverage. Disabling releases unnecessary execution count records and allows executing optimized code."
            },
            {
                "name": "takePreciseCoverage",
                "returns": [
                    { "name": "result", "type": "array", "items": { "$ref": "ScriptCoverage" }, "description": "Coverage data for the current isolate." }
                ],
                "description": "Collect coverage data for the current isolate, and resets execution counters. Precise code coverage needs to have started."
            },
            {
                "name": "getBestEffortCoverage",
                "returns": [
                    { "name": "result", "type": "array", "items": { "$ref": "ScriptCoverage" }, "description": "Coverage data for the current isolate." }
                ],
                "description": "Collect coverage data for the current isolate. The coverage data may be incomplete due to garbage collection."
            }
        ],
        "events": [
            {
                "name": "consoleProfileStarted",
                "parameters": [
                    { "name": "id", "type": "string" },
                    { "name": "location", "$ref": "Debugger.Location", "description": "Location of console.profile()." },
                    { "name": "title", "type": "string", "optional": true, "description": "Profile title passed as an argument to console.profile()." }
                ],
                "description": "Sent when new profile recording is started using console.profile() call."
            },
            {
                "name": "consoleProfileFinished",
                "parameters": [
                    { "name": "id", "type": "string" },
                    { "name": "location", "$ref": "Debugger.Location", "description": "Location of console.profileEnd()." },
                    { "name": "profile", "$ref": "Profile" },
                    { "name": "title", "type": "string", "optional": true, "description": "Profile title passed as an argument to console.profile()." }
                ]
            }
        ]
    },
    {
        "domain": "HeapProfiler",
        "dependencies": ["Runtime"],
        "experimental": true,
        "types": [
            {
                "id": "HeapSnapshotObjectId",
                "type": "string",
                "description": "Heap snapshot object id."
            },
            {
                "id": "SamplingHeapProfileNode",
                "type": "object",
                "description": "Sampling Heap Profile node. Holds callsite information, allocation statistics and child nodes.",
                "properties": [
                    { "name": "callFrame", "$ref": "Runtime.CallFrame", "description": "Function location." },
                    { "name": "selfSize", "type": "number", "description": "Allocations size in bytes for the node excluding children." },
                    { "name": "children", "type": "array", "items": { "$ref": "SamplingHeapProfileNode" }, "description": "Child nodes." }
                ]
            },
            {
                "id": "SamplingHeapProfile",
                "type": "object",
                "description": "Profile.",
                "properties": [
                    { "name": "head", "$ref": "SamplingHeapProfileNode" }
                ]
            }
        ],
        "commands": [
            {
                "name": "enable"
            },
            {
                "name": "disable"
            },
            {
                "name": "startTrackingHeapObjects",
                "parameters": [
                    { "name": "trackAllocations", "type": "boolean", "optional": true }
                ]
            },
            {
                "name": "stopTrackingHeapObjects",
                "parameters": [
                    { "name": "reportProgress", "type": "boolean", "optional": true, "description": "If true 'reportHeapSnapshotProgress' events will be generated while snapshot is being taken when the tracking is stopped." }
                ]
            },
            {
                "name": "takeHeapSnapshot",
                "parameters": [
                    { "name": "reportProgress", "type": "boolean", "optional": true, "description": "If true 'reportHeapSnapshotProgress' events will be generated while snapshot is being taken." }
                ]
            },
            {
                "name": "collectGarbage"
            },
            {
                "name": "getObjectByHeapObjectId",
                "parameters": [
                    { "name": "objectId", "$ref": "HeapSnapshotObjectId" },
                    { "name": "objectGroup", "type": "string", "optional": true, "description": "Symbolic group name that can be used to release multiple objects." }
                ],
                "returns": [
                    { "name": "result", "$ref": "Runtime.RemoteObject", "description": "Evaluation result." }
                ]
            },
            {
                "name": "addInspectedHeapObject",
                "parameters": [
                    { "name": "heapObjectId", "$ref": "HeapSnapshotObjectId", "description": "Heap snapshot object id to be accessible by means of $x command line API." }
                ],
                "description": "Enables console to refer to the node with given id via $x (see Command Line API for more details $x functions)."
            },
            {
                "name": "getHeapObjectId",
                "parameters": [
                    { "name": "objectId", "$ref": "Runtime.RemoteObjectId", "description": "Identifier of the object to get heap object id for." }
                ],
                "returns": [
                    { "name": "heapSnapshotObjectId", "$ref": "HeapSnapshotObjectId", "description": "Id of the heap snapshot object corresponding to the passed remote object id." }
                ]
            },
            {
                "name": "startSampling",
                "parameters": [
                    { "name": "samplingInterval", "type": "number", "optional": true, "description": "Average sample interval in bytes. Poisson distribution is used for the intervals. The default value is 32768 bytes." }
                ]
            },
            {
                "name": "stopSampling",
                "returns": [
                    { "name": "profile", "$ref": "SamplingHeapProfile", "description": "Recorded sampling heap profile." }
                ]
            },
            {
                "name": "getSamplingProfile",
                "returns": [
                    { "name": "profile", "$ref": "SamplingHeapProfile", "description": "Return the sampling profile being collected." }
                ]
            }
        ],
        "events": [
            {
                "name": "addHeapSnapshotChunk",
                "parameters": [
                    { "name": "chunk", "type": "string" }
                ]
            },
            {
                "name": "resetProfiles"
            },
            {
                "name": "reportHeapSnapshotProgress",
                "parameters": [
                    { "name": "done", "type": "integer" },
                    { "name": "total", "type": "integer" },
                    { "name": "finished", "type": "boolean", "optional": true }
                ]
            },
            {
                "name": "lastSeenObjectId",
                "description": "If heap objects tracking has been started then backend regularly sends a current value for last seen object id and corresponding timestamp. If the were changes in the heap since last event then one or more heapStatsUpdate events will be sent before a new lastSeenObjectId event.",
                "parameters": [
                    { "name": "lastSeenObjectId", "type": "integer" },
                    { "name": "timestamp", "type": "number" }
                ]
            },
            {
                "name": "heapStatsUpdate",
                "description": "If heap objects tracking has been started then backend may send update for one or more fragments",
                "parameters": [
                    { "name": "statsUpdate", "type": "array", "items": { "type": "integer" }, "description": "An array of triplets. Each triplet describes a fragment. The first integer is the fragment index, the second integer is a total count of objects for the fragment, the third integer is a total size of the objects for the fragment."}
                ]
            }
        ]
    }]
}
